filename,source_url,date_accessed,type,size,licence_or_terms
2. J. Strizek - Buying drugs on the dark net.pdf,https://www.euda.europa.eu/system/files/attachments/11446/2.%20J.%20Strizek%20-%20Buying%20drugs%20on%20the%20dark%20net.pdf,2026-10-01,PDF,523 KB,"EUDA Copyright and reuse notice (CC BY 4.0 compatible), attribution to EUDA required"
20192630_TD0319332ENN_PDF.pdf,https://www.euda.europa.eu/system/files/publications/12078/20192630_TD0319332ENN_PDF.pdf,2026-10-01,PDF,24430 KB,"EUDA Copyright and reuse notice (CC BY 4.0 compatible), attribution to EUDA required"
20222218_PDF_TD0522113ENN_002.pdf,https://www.emcdda.europa.eu/system/files/publications/14637/20222218_PDF_TD0522113ENN_002.pdf,2026-10-01,PDF,3900 KB,"EUDA Copyright and reuse notice (CC BY 4.0 compatible), attribution to EUDA required"
2022edmr_cashcollectionsystems_full.pdf,https://www.euda.europa.eu/system/files/documents/2023-05/2022edmr_cashcollectionsystems_full.pdf,2026-10-01,PDF,371 KB,"EUDA Copyright and reuse notice (CC BY 4.0 compatible), attribution to EUDA required"
2022edmr_cryptocurrencies (1).pdf,https://www.euda.europa.eu/system/files/documents/2023-04/2022edmr_cryptocurrencies.pdf,2026-10-01,PDF,1467 KB,"EUDA Copyright and reuse notice (CC BY 4.0 compatible), attribution to EUDA required"
2022edmr_cryptocurrencies (2).pdf,https://www.euda.europa.eu/system/files/documents/2023-04/2022edmr_cryptocurrencies.pdf,2026-10-01,PDF,1467 KB,"EUDA Copyright and reuse notice (CC BY 4.0 compatible), attribution to EUDA required"
2022edmr_cryptocurrencies.pdf,https://www.euda.europa.eu/system/files/documents/2023-04/2022edmr_cryptocurrencies.pdf,2026-10-01,PDF,1467 KB,"EUDA Copyright and reuse notice (CC BY 4.0 compatible), attribution to EUDA required"
20236197_pdf_td0523510enn_002.pdf,https://www.euda.europa.eu/system/files/documents/2024-03/20236197_pdf_td0523510enn_002.pdf,2026-10-01,PDF,1903 KB,"EUDA Copyright and reuse notice (CC BY 4.0 compatible), attribution to EUDA required"
2025-edmr-nps-full-pdf-31800-book.pdf,https://www.euda.europa.eu/system/files/documents/2025-05/2025-edmr-nps-full-pdf-31800-book.pdf,2026-10-01,PDF,23054 KB,"EUDA Copyright and reuse notice (CC BY 4.0 compatible), attribution to EUDA required"
31691_en.pdf,https://www.euda.europa.eu/sites/default/files/pdf/31691_en.pdf,2026-10-01,PDF,1319 KB,"EUDA Copyright and reuse notice (CC BY 4.0 compatible), attribution to EUDA required"
31692_en.pdf,https://www.euda.europa.eu/sites/default/files/pdf/31692_en.pdf,2026-10-01,PDF,1021 KB,"EUDA Copyright and reuse notice (CC BY 4.0 compatible), attribution to EUDA required"
32147_en.pdf,https://www.euda.europa.eu/sites/default/files/pdf/32147_en.pdf,2026-10-01,PDF,1473 KB,"EUDA Copyright and reuse notice (CC BY 4.0 compatible), attribution to EUDA required"
32148_en.pdf,https://www.euda.europa.eu/sites/default/files/pdf/32148_en.pdf,2026-10-01,PDF,5090 KB,"EUDA Copyright and reuse notice (CC BY 4.0 compatible), attribution to EUDA required"
33094_en.pdf,https://www.euda.europa.eu/sites/default/files/pdf/33094_en.pdf,2026-10-01,PDF,11795 KB,"EUDA Copyright and reuse notice (CC BY 4.0 compatible), attribution to EUDA required"
AlphaBay-final-paper.pdf,https://www.euda.europa.eu/system/files/media/attachments/documents/6622/AlphaBay-final-paper.pdf,2026-10-01,PDF,909 KB,"EUDA Copyright and reuse notice (CC BY 4.0 compatible), attribution to EUDA required"
EU-focused-analysis-of-drug-supply-on-the-anomymous-online-marketplace.pdf,https://www.euda.europa.eu/system/files/media/attachments/documents/6624/EU-focused-analysis-of-drug-supply-on-the-anomymous-online-marketplace.pdf,2026-10-01,PDF,3959 KB,"EUDA Copyright and reuse notice (CC BY 4.0 compatible), attribution to EUDA required"
EU4MD_Trendspotter_East_ENP_FINAL.pdf,https://www.euda.europa.eu/system/files/publications/13263/EU4MD_Trendspotter_East_ENP_FINAL.pdf,2026-10-01,PDF,1686 KB,"EUDA Copyright and reuse notice (CC BY 4.0 compatible), attribution to EUDA required"
Highlights_EDMR2019_EN_Final_web.pdf,https://www.euda.europa.eu/publications/joint-publications/highlights-eu-drug-markets-report_en,2026-10-01,PDF,87 KB,"EUDA Copyright and reuse notice (CC BY 4.0 compatible), attribution to EUDA required"
Newsrelease_Darknets_EN_2017_Final_web.pdf,https://www.euda.europa.eu/system/files/media/attachments/documents/6626/Newsrelease_Darknets_EN_2017_Final_web.pdf,2026-10-01,PDF,177 KB,"EUDA Copyright and reuse notice (CC BY 4.0 compatible), attribution to EUDA required"
TD0415135ENN.pdf,https://www.emcdda.europa.eu/system/files/publications/65/TD0415135ENN.pdf,2026-10-01,PDF,1066 KB,"EUDA Copyright and reuse notice (CC BY 4.0 compatible), attribution to EUDA required"
TD0417834ENN.pdf,https://www.emcdda.europa.eu/system/files/publications/6585/TD0417834ENN.pdf,2026-10-01,PDF,2952 KB,"EUDA Copyright and reuse notice (CC BY 4.0 compatible), attribution to EUDA required"
TDAA17004ENN_webDN100.pdf,https://www.euda.europa.eu/system/files/media/publications/documents/6602/TDAA17004ENN_webDN100.pdf,2026-10-01,PDF,692 KB,"EUDA Copyright and reuse notice (CC BY 4.0 compatible), attribution to EUDA required"
TDAT16001ENN (1).pdf,https://www.euda.europa.eu/system/files/publications/2637/TDAT16001ENN.pdf,2026-10-01,PDF,3490 KB,"EUDA Copyright and reuse notice (CC BY 4.0 compatible), attribution to EUDA required"
TDAT16001ENN.pdf,https://www.euda.europa.eu/system/files/publications/2637/TDAT16001ENN.pdf,2026-10-01,PDF,3490 KB,"EUDA Copyright and reuse notice (CC BY 4.0 compatible), attribution to EUDA required"
TDXD16001ENN_FINAL.pdf,https://www.emcdda.europa.eu/system/files/publications/2155/TDXD16001ENN_FINAL.pdf,2026-10-01,PDF,1723 KB,"EUDA Copyright and reuse notice (CC BY 4.0 compatible), attribution to EUDA required"
TDXD22003ENN (1).pdf,https://www.euda.europa.eu/publications_en,2026-10-01,PDF,473 KB,"EUDA Copyright and reuse notice (CC BY 4.0 compatible), attribution to EUDA required"
TDXD22003ENN.pdf,https://www.euda.europa.eu/publications_en,2026-10-01,PDF,473 KB,"EUDA Copyright and reuse notice (CC BY 4.0 compatible), attribution to EUDA required"
edr-2024-compiled-pdf-14.06.2024.pdf,https://www.euda.europa.eu/system/files/documents/2024-06/edr-2024-compiled-pdf-14.06.2024v2.pdf,2026-10-01,PDF,27469 KB,"EUDA Copyright and reuse notice (CC BY 4.0 compatible), attribution to EUDA required"
edr-2025-full-book-6.06.2025-en.pdf,https://www.euda.europa.eu/system/files/documents/2025-06/edr-2025-full-book-6.06.2025-en.pdf,2026-10-01,PDF,8358 KB,"EUDA Copyright and reuse notice (CC BY 4.0 compatible), attribution to EUDA required"
edr2026-09.06.2026-full-pdf-web-optimised_en.pdf,https://www.euda.europa.eu/system/files/documents/2026-06/edr2026-09.06.2026-full-pdf-web-optimised_en.pdf,2026-10-01,PDF,11372 KB,"EUDA Copyright and reuse notice (CC BY 4.0 compatible), attribution to EUDA required"
edr26-09.06.2026-full.pdf,https://www.euda.europa.eu/system/files/documents/2026-06/edr26-09.06.2026-full.pdf,2026-10-01,PDF,7374 KB,"EUDA Copyright and reuse notice (CC BY 4.0 compatible), attribution to EUDA required"
threat-assessment-report-on-synthetic-opioids-in-the-baltic-countries.pdf,https://www.euda.europa.eu/system/files/documents/2025-06/threat-assessment-report-on-synthetic-opioids-in-the-baltic-countries.pdf,2026-10-01,PDF,1696 KB,"EUDA Copyright and reuse notice (CC BY 4.0 compatible), attribution to EUDA required"
